model_family,params_millions,layers,train_hours,accuracy,latency_ms,memory_mb
alpha,110.0,12,19.8,83.92,48.71,84.3
beta,121.4,13,24.84,88.43,51.55,114.4
gamma,99.6,11,18.72,81.93,44.57,89.1
beta,76.2,5,14.66,74.19,35.64,71.3
beta,92.7,8,16.92,74.27,49.97,68.2
gamma,72.3,9,16.51,76.88,29.36,61.8
beta,112.3,9,21.28,76.22,41.41,95.7
beta,160.9,19,25.3,89.93,61.38,137.1
gamma,91.3,7,15.69,79.15,34.86,61.9
alpha,86.4,11,11.7,80.7,42.47,74.8
gamma,128.6,13,16.63,84.86,57.99,123.8
beta,123.6,15,22.2,82.14,48.16,114.6
beta,114.0,13,24.86,82.7,42.79,97.2
gamma,74.6,6,14.3,72.73,33.27,67.0
gamma,108.9,14,17.87,85.31,53.46,104.8
gamma,136.4,17,23.66,94.42,44.42,97.9
gamma,58.9,6,13.91,73.49,31.58,51.9
alpha,92.6,10,17.97,77.29,36.5,88.2
beta,37.8,4,7.29,66.26,26.27,
gamma,61.0,5,11.46,72.23,25.11,70.2
alpha,40.0,6,7.69,70.34,21.12,46.2
alpha,101.1,10,21.14,77.72,37.61,93.8
gamma,61.8,7,13.08,73.82,25.86,58.4
gamma,120.3,12,23.38,81.06,57.55,115.4
alpha,116.0,12,19.53,85.63,53.44,99.5
alpha,102.9,9,20.78,82.33,43.24,92.2
beta,30.0,5,4.06,71.54,14.88,35.2
gamma,89.5,10,19.64,77.55,31.71,98.2
beta,108.2,14,17.5,84.57,45.17,95.9
alpha,114.3,13,21.39,83.18,49.01,102.4
beta,51.9,5,9.83,70.07,26.29,48.5
beta,91.8,10,14.27,78.1,40.64,94.7
beta,72.8,7,17.97,72.06,29.17,65.3
beta,79.3,9,18.57,73.57,36.24,84.6
alpha,150.3,16,27.45,91.63,61.94,126.6
beta,79.3,8,16.92,76.12,42.36,69.7
beta,108.8,10,21.57,81.38,55.56,96.1
alpha,143.6,15,21.01,90.37,59.08,136.3
beta,87.8,12,17.29,76.36,36.17,88.4
alpha,105.8,11,19.95,79.3,45.78,81.6
alpha,114.2,11,21.9,82.67,46.38,94.5
alpha,112.4,13,18.78,84.39,45.13,104.2
gamma,63.4,9,11.41,74.62,30.58,51.2
alpha,112.9,10,21.02,83.94,43.95,87.9
gamma,161.6,18,33.56,92.6,68.92,154.8
alpha,51.2,5,10.53,68.12,25.97,50.5
gamma,142.7,13,27.09,84.67,60.48,132.8
alpha,114.5,14,25.43,86.18,48.41,98.8
beta,85.6,9,14.94,79.12,35.55,86.3
beta,186.0,21,34.41,92.64,70.7,165.3
alpha,139.0,14,22.04,90.35,56.96,134.9
beta,64.4,8,16.01,75.98,28.72,49.8
beta,112.8,12,23.75,85.67,49.67,93.9
beta,131.9,14,27.26,85.73,55.47,120.6
gamma,102.8,10,,79.39,38.89,86.2
alpha,136.0,13,26.09,83.58,57.24,128.4
beta,107.5,14,,89.51,40.65,99.1
alpha,135.4,14,25.11,86.45,53.95,113.5
alpha,164.7,19,30.8,96.9,65.95,148.9
alpha,84.3,9,16.15,76.31,29.02,72.7
gamma,117.7,12,26.0,83.99,50.79,114.2
gamma,92.4,9,18.89,74.94,41.94,77.5
gamma,114.8,14,21.68,83.39,48.63,99.4
alpha,64.9,7,10.94,76.11,29.45,69.3
alpha,88.0,10,15.19,75.47,37.99,99.3
beta,102.5,11,,83.75,40.52,110.3
beta,144.2,18,28.61,91.16,58.68,130.3
gamma,153.5,18,,89.19,60.78,140.1
gamma,59.7,7,10.51,72.49,29.91,67.5
beta,79.8,8,12.5,75.3,31.31,70.7
alpha,134.6,13,25.41,85.61,57.51,112.3
gamma,34.3,5,8.61,68.27,20.99,
beta,92.4,12,16.61,78.53,40.63,87.2
gamma,106.3,12,19.65,81.1,44.29,88.2
beta,157.8,18,29.45,89.87,67.28,127.2
alpha,136.2,16,26.14,85.48,49.54,109.6
alpha,97.6,12,14.71,81.14,45.2,93.8
gamma,96.0,12,17.67,83.09,43.65,79.6
beta,100.5,10,17.04,76.84,45.45,89.2
alpha,167.9,21,34.02,95.23,70.17,153.0
beta,93.7,8,15.96,76.71,38.8,89.9
alpha,98.5,12,20.09,79.21,42.28,85.6
gamma,123.4,15,27.1,87.69,55.29,115.5
beta,105.4,13,19.28,81.58,47.89,86.9
alpha,102.5,14,18.03,86.8,45.83,89.0
beta,67.7,10,13.32,74.58,25.55,51.7
gamma,109.6,10,20.81,82.18,49.86,108.8
gamma,93.1,8,15.31,77.08,46.79,83.6
gamma,154.3,18,30.43,90.16,68.1,132.2
alpha,134.8,13,30.45,87.53,57.59,118.2
beta,109.1,12,20.11,82.11,40.26,96.2
gamma,135.4,16,25.24,89.75,60.98,128.2
gamma,97.1,8,15.94,78.28,42.29,73.0
beta,150.0,13,29.26,85.3,50.6,125.6
gamma,109.8,13,17.87,82.67,49.22,95.4
alpha,132.2,15,22.46,86.99,48.87,141.7
beta,60.9,6,14.65,75.37,24.11,63.5
gamma,123.2,14,21.23,83.09,49.49,109.9
alpha,45.8,4,11.31,69.75,30.23,47.7
gamma,32.7,4,,64.43,18.09,47.9
alpha,98.4,11,19.32,81.79,44.65,86.5
alpha,75.8,7,15.73,72.66,43.15,64.9
alpha,116.2,10,26.77,77.83,57.02,115.5
gamma,195.3,23,36.63,99.1,77.84,180.2
gamma,78.4,9,13.47,79.2,35.14,76.6
alpha,86.3,10,13.15,75.15,33.39,73.1
gamma,117.8,12,22.48,80.51,47.28,123.3
alpha,128.7,13,28.01,83.73,56.26,131.2
gamma,103.3,10,,77.68,46.97,98.1
alpha,102.2,10,17.15,81.07,45.28,98.1
alpha,136.7,16,23.92,86.03,61.69,104.8
gamma,129.8,13,23.44,83.83,51.24,122.5
gamma,70.7,8,14.14,77.02,33.21,61.9
alpha,107.0,12,19.84,80.73,49.81,100.2
beta,111.3,16,21.67,86.17,50.71,106.3
gamma,69.9,6,14.0,71.34,37.99,59.9
beta,119.9,15,22.06,82.72,52.94,92.7
beta,77.4,8,14.61,72.21,34.47,
gamma,146.9,16,28.41,93.86,62.53,125.6
alpha,117.3,11,22.09,81.67,45.73,102.6
